,gini,year,e0,gini_low,gini_medium,gini_high,year_low,year_medium,year_high,e0_low,e0_medium,e0_high,index,year,country,gini,e0
0,27.0,1995,73.2951870731965,0.9999999999971484,2.1387336163411753e-12,0.0,1.0,0.0,0.0,0.0,0.9508021544672498,0.5925133623711787,0,1995,AUT,27.0,73.2951870731965
1,26.0,1996,73.6604765772967,1.0,0.0,0.0,1.0,0.14285714285714288,0.0,0.0,0.8899205704505491,0.6186054698069076,1,1996,AUT,26.0,73.6604765772967
2,25.0,1997,74.01696996977559,1.0,0.0,0.0,1.0,0.28571428571428575,0.0,0.0,0.8305050050374021,0.644069283555399,2,1997,AUT,25.0,74.01696996977559
3,24.0,1998,74.44191407403041,1.0,0.0,0.0,1.0,0.4285714285714286,0.0,0.0,0.7596809876615988,0.6744224338593148,3,1998,AUT,24.0,74.44191407403041
4,26.0,1999,74.7771117660551,1.0,0.0,0.0,1.0,0.5714285714285715,0.0,0.0,0.7038147056574834,0.6983651261467928,4,1999,AUT,26.0,74.7771117660551
5,24.0,2000,75.09533097192329,1.0,0.0,0.0,1.0,0.7142857142857143,0.0,0.0,0.6507781713461185,0.7210950694230921,5,2000,AUT,24.0,75.09533097192329
6,24.0,2001,75.5896653549347,1.0,0.0,0.0,1.0,0.8571428571428572,0.0,0.0,0.5683891075108841,0.756404668209621,6,2001,AUT,24.0,75.5896653549347
7,27.4,2003,75.9139978780198,0.8666666666666671,0.09999999999999964,0.0,0.8333333333333334,1.0,0.0,0.0,0.5143336869967001,0.7795712770014142,8,2003,AUT,27.4,75.9139978780198
8,25.8,2004,76.39062761982359,1.0,0.0,0.0,0.6666666666666666,1.0,0.0,0.0,0.4348953966960683,0.8136162585588279,9,2004,AUT,25.8,76.39062761982359
9,26.3,2005,76.61932954565259,1.0,0.0,0.0,0.5,1.0,0.0,0.0,0.3967784090579016,0.8299521104037565,10,2005,AUT,26.3,76.61932954565259
10,25.3,2006,77.07525705402041,1.0,0.0,0.0,0.3333333333333333,1.0,0.0,0.0,0.320790490996598,0.862518361001458,11,2006,AUT,25.3,77.07525705402041
11,26.2,2007,77.290482544666,1.0,0.0,0.0,0.16666666666666666,1.0,0.0,0.0,0.2849195758889991,0.8778916103332861,12,2007,AUT,26.2,77.290482544666
12,27.7,2008,77.5853866559153,0.7666666666666669,0.17499999999999982,0.0,5.1234852449804645e-11,1.0,6.148182293976556e-11,0.0,0.23576889068078327,0.8989561897082358,13,2008,AUT,27.7,77.5853866559153
13,27.5,2009,77.3977083772823,0.8333333333333334,0.125,0.0,0.0,1.0,0.19999999999999998,0.0,0.2670486037862835,0.8855505983773071,14,2009,AUT,27.5,77.3977083772823
14,28.3,2010,77.6576622866885,0.5666666666666664,0.3250000000000002,0.0,0.0,1.0,0.4,0.0,0.22372295221858232,0.9041187347634647,15,2010,AUT,28.3,77.6576622866885
15,27.4,2011,78.07983549675421,0.8666666666666671,0.09999999999999964,0.0,0.0,1.0,0.6,0.0,0.15336075054096437,0.9342739640538724,16,2011,AUT,27.4,78.07983549675421
16,27.6,2012,78.2609439065802,0.7999999999999996,0.15000000000000036,0.0,0.0,1.0,0.8,0.0,0.12317601556996749,0.9472102790414425,17,2012,AUT,27.6,78.2609439065802
17,27.0,2013,78.45898731935009,0.9999999999971484,2.1387336163411753e-12,0.0,0.0,0.9999999999148713,0.9999999999148713,0.0,0.09016878010831893,0.9613562370964347,18,2013,AUT,27.0,78.45898731935009
18,27.6,2014,78.9175650325942,0.7999999999999996,0.15000000000000036,0.0,0.0,0.7999999999999999,1.0,0.0,0.01373916123430045,0.9941117880424426,19,2014,AUT,27.6,78.9175650325942
19,27.2,2015,78.63623679445129,0.9333333333333336,0.04999999999999982,0.0,0.0,0.6,1.0,0.0,0.060627200924784574,0.9740169138893779,20,2015,AUT,27.2,78.63623679445129
20,27.2,2016,79.142136860583,0.9333333333333336,0.04999999999999982,0.0,0.0,0.39999999999999997,1.0,0.0,0.0,1.0,21,2016,AUT,27.2,79.142136860583
21,27.9,2017,79.2849708454663,0.7000000000000005,0.22499999999999964,0.0,0.0,0.2,1.0,0.0,0.0,1.0,22,2017,AUT,27.9,79.2849708454663
22,29.0,1995,73.4328296473364,0.3333333333333333,0.5,0.0,1.0,0.0,0.0,0.0,0.9278617254439325,0.6023449748097431,24,1995,BEL,29.0,73.4328296473364
23,28.0,1996,73.8313097942922,0.6666666666666667,0.25,0.0,1.0,0.14285714285714288,0.0,0.0,0.8614483676179674,0.6308078424494425,25,1996,BEL,28.0,73.8313097942922
24,27.0,1997,74.1574837170138,0.9999999999971484,2.1387336163411753e-12,0.0,1.0,0.28571428571428575,0.0,0.0,0.8070860471643659,0.6541059797867003,26,1997,BEL,27.0,74.1574837170138
25,27.0,1998,74.29677997006951,0.9999999999971484,2.1387336163411753e-12,0.0,1.0,0.4285714285714286,0.0,0.0,0.7838700049884153,0.664055712147822,27,1998,BEL,27.0,74.29677997006951
26,29.0,1999,74.3651107526095,0.3333333333333333,0.5,0.0,1.0,0.5714285714285715,0.0,0.0,0.7724815412317506,0.6689364823292497,28,1999,BEL,29.0,74.3651107526095
27,30.0,2000,74.56656638150491,4.073778315551169e-12,0.75,0.0,1.0,0.7142857142857143,0.0,0.0,0.7389056030825145,0.6833261701074937,29,2000,BEL,30.0,74.56656638150491
28,28.0,2001,74.9197637588794,0.6666666666666667,0.25,0.0,1.0,0.8571428571428572,0.0,0.0,0.6800393735201002,0.7085545542056713,30,2001,BEL,28.0,74.9197637588794
29,28.3,2003,75.36206535089599,0.5666666666666664,0.3250000000000002,0.0,0.8333333333333334,1.0,0.0,0.0,0.6063224415173352,0.7401475250639992,32,2003,BEL,28.3,75.36206535089599
30,26.1,2004,75.9730035109036,1.0,0.0,0.0,0.6666666666666666,1.0,0.0,0.0,0.5044994148494008,0.7837859650645426,33,2004,BEL,26.1,75.9730035109036
31,28.0,2005,76.1481043367714,0.6666666666666667,0.25,0.0,0.5,1.0,0.0,0.0,0.4753159438714339,0.7962931669122426,34,2005,BEL,28.0,76.1481043367714
32,27.8,2006,76.52406748828379,0.7333333333333332,0.20000000000000018,0.0,0.3333333333333333,1.0,0.0,0.0,0.4126554186193682,0.8231476777345564,35,2006,BEL,27.8,76.52406748828379
33,26.3,2007,76.7416414387488,1.0,0.0,0.0,0.16666666666666666,1.0,0.0,0.0,0.3763930935418666,0.838688674196343,36,2007,BEL,26.3,76.7416414387488
34,27.5,2008,76.7714119348237,0.8333333333333334,0.125,0.0,5.1234852449804645e-11,1.0,6.148182293976556e-11,0.0,0.37143134419604945,0.8408151382016931,37,2008,BEL,27.5,76.7714119348237
35,26.4,2009,77.16259344609071,1.0,0.0,0.0,0.0,1.0,0.19999999999999998,0.0,0.3062344256515483,0.868756674720765,38,2009,BEL,26.4,77.16259344609071
36,26.6,2010,77.376801130325,1.0,0.0,0.0,0.0,1.0,0.4,0.0,0.2705331449458323,0.8840572235946432,39,2010,BEL,26.6,77.376801130325
37,26.3,2011,77.76777747365041,1.0,0.0,0.0,0.0,1.0,0.6,0.0,0.20537042105826467,0.9119841052607437,40,2011,BEL,26.3,77.76777747365041
38,26.5,2012,77.6340493674343,1.0,0.0,0.0,0.0,1.0,0.8,0.0,0.22765843876094985,0.9024320976738787,41,2012,BEL,26.5,77.6340493674343
39,25.9,2013,77.9506328675164,1.0,0.0,0.0,0.0,0.9999999999148713,0.9999999999148713,0.0,0.1748945220805993,0.9250452048226002,42,2013,BEL,25.9,77.9506328675164
40,25.9,2014,78.5771421183168,1.0,0.0,0.0,0.0,0.7999999999999999,1.0,0.0,0.07047631361386664,0.9697958655940572,43,2014,BEL,25.9,78.5771421183168
41,26.2,2015,78.5682806777448,1.0,0.0,0.0,0.0,0.6,1.0,0.0,0.07195322037586749,0.9691629055531996,44,2015,BEL,26.2,78.5682806777448
42,26.3,2016,78.7987134776032,1.0,0.0,0.0,0.0,0.39999999999999997,1.0,0.0,0.03354775373279987,0.9856223912573715,45,2016,BEL,26.3,78.7987134776032
43,26.0,2017,79.0072047539358,1.0,0.0,0.0,0.0,0.2,1.0,0.0,0.0,1.0,46,2017,BEL,26.0,79.0072047539358
44,25.6,2018,79.2108898573773,1.0,0.0,0.0,0.0,1.0877550717142306e-10,0.9999994561221683,0.0,0.0,1.0,47,2018,BEL,25.6,79.2108898573773
45,25.0,2000,68.3050638890666,1.0,0.0,0.0,1.0,0.7142857142857143,0.0,0.5278480158476283,0.4131329861333253,0.23607599207618588,53,2000,BGR,25.0,68.3050638890666
46,26.0,2001,68.5302378482227,1.0,0.0,0.0,1.0,0.8571428571428572,0.0,0.4956803073967576,0.44127973102783713,0.25215984630162125,54,2001,BGR,26.0,68.5302378482227
47,26.0,2002,68.8272670904641,1.0,0.0,0.0,0.999999999972412,0.9999999999763531,0.0,0.45324755850512793,0.4784083863080131,0.27337622074743606,55,2002,BGR,26.0,68.8272670904641
48,31.2,2006,69.248287534146,0.0,0.9500000000000002,0.0,0.3333333333333333,1.0,0.0,0.3931017808362855,0.5310359417682502,0.3034491095818572,59,2006,BGR,31.2,69.248287534146
49,35.3,2007,69.55065808783989,0.0,0.0,1.0,0.16666666666666666,1.0,0.0,0.34990598745144397,0.5688322609799865,0.325047006274278,60,2007,BGR,35.3,69.55065808783989
50,35.9,2008,69.8421717420496,0.0,0.0,1.0,5.1234852449804645e-11,1.0,6.148182293976556e-11,0.30826117970719985,0.6052714677562001,0.34586941014640005,61,2008,BGR,35.9,69.8421717420496
51,33.4,2009,70.1682642958057,0.0,0.40000000000000036,0.4666666666666662,0.0,1.0,0.19999999999999998,0.26167652917061446,0.6460330369757123,0.36916173541469277,62,2009,BGR,33.4,70.1682642958057
52,33.2,2010,70.38275512162991,0.0,0.4499999999999993,0.40000000000000097,0.0,1.0,0.4,0.23103498262429817,0.6728443902037391,0.3844825086878509,63,2010,BGR,33.2,70.38275512162991
53,35.0,2011,70.7263601329536,0.0,4.583000537232429e-12,0.9999999999938893,0.0,1.0,0.6,0.18194855243519978,0.7157950166192002,0.4090257237824001,64,2011,BGR,35.0,70.7263601329536
54,33.6,2012,70.911987355534,0.0,0.34999999999999964,0.5333333333333338,0.0,1.0,0.8,0.15543037778085786,0.7389984194417494,0.4222848111095711,65,2012,BGR,33.6,70.911987355534
55,35.4,2013,71.297000689087,0.0,0.0,1.0,0.0,0.9999999999148713,0.9999999999148713,0.10042847298757147,0.787125086135875,0.4497857635062143,66,2013,BGR,35.4,71.297000689087
56,35.4,2014,71.0781418084555,0.0,0.0,1.0,0.0,0.7999999999999999,1.0,0.1316940273635002,0.7597677260569373,0.4341529863182499,67,2014,BGR,35.4,71.0781418084555
57,37.0,2015,71.22837369765391,0.0,0.0,1.0,0.0,0.6,1.0,0.11023232890658465,0.7785467122067384,0.4448838355467077,68,2015,BGR,37.0,71.22837369765391
58,37.7,2016,71.31071335841258,0.0,0.0,1.0,0.0,0.39999999999999997,1.0,0.0984695202267736,0.7888391698015731,0.4507652398866132,69,2016,BGR,37.7,71.31071335841258
59,40.2,2017,71.3660452036017,0.0,0.0,2.468425464030588e-08,0.0,0.2,1.0,0.09056497091404278,0.7957556504502126,0.4547175145429786,70,2017,BGR,40.2,71.3660452036017
60,25.0,2001,72.02385018557351,1.0,0.0,0.0,1.0,0.8571428571428572,0.0,0.0,0.8779812731966885,0.501703584683822,78,2001,CZE,25.0,72.02385018557351
61,26.0,2005,72.95127128628329,1.0,0.0,0.0,0.5,1.0,0.0,0.0,0.9939089107854109,0.5679479490202348,82,2005,CZE,26.0,72.95127128628329
62,25.3,2006,73.4764927263505,1.0,0.0,0.0,0.3333333333333333,1.0,0.0,0.0,0.92058454560825,0.6054637661678929,83,2006,CZE,25.3,73.4764927263505
63,25.3,2007,73.7002834107717,1.0,0.0,0.0,0.16666666666666666,1.0,0.0,0.0,0.8832860982047162,0.6214488150551217,84,2007,CZE,25.3,73.7002834107717
64,24.7,2008,73.96697038181621,1.0,0.0,0.0,5.1234852449804645e-11,1.0,6.148182293976556e-11,0.0,0.8388382696972982,0.6404978844154436,85,2008,CZE,24.7,73.96697038181621
65,25.1,2009,74.1591480241329,1.0,0.0,0.0,0.0,1.0,0.19999999999999998,0.0,0.8068086626445161,0.6542248588666361,86,2009,CZE,25.1,74.1591480241329
66,24.9,2010,74.43305545090941,1.0,0.0,0.0,0.0,1.0,0.4,0.0,0.7611574248484322,0.6737896750649577,87,2010,CZE,24.9,74.43305545090941
67,25.2,2011,74.7194095128088,1.0,0.0,0.0,0.0,1.0,0.6,0.0,0.7134317478652008,0.6942435366291997,88,2011,CZE,25.2,74.7194095128088
68,24.9,2012,74.9651419078249,1.0,0.0,0.0,0.0,1.0,0.8,0.0,0.6724763486958499,0.7117958505589215,89,2012,CZE,24.9,74.9651419078249
69,24.6,2013,75.147734910541,1.0,0.0,0.0,0.0,0.9999999999148713,0.9999999999148713,0.0,0.6420441815764992,0.724838207895786,90,2013,CZE,24.6,75.147734910541
70,25.1,2014,75.7170123420349,1.0,0.0,0.0,0.0,0.7999999999999999,1.0,0.0,0.547164609660849,0.7655008815739218,91,2014,CZE,25.1,75.7170123420349
71,25.0,2015,75.6312471495953,1.0,0.0,0.0,0.0,0.6,1.0,0.0,0.561458808400784,0.759374796399664,92,2015,CZE,25.0,75.6312471495953
72,25.1,2016,76.04679801281509,1.0,0.0,0.0,0.0,0.39999999999999997,1.0,0.0,0.49220033119748524,0.7890570009153635,93,2016,CZE,25.1,76.04679801281509
73,24.5,2017,76.007551903504,1.0,0.0,0.0,0.0,0.2,1.0,0.0,0.4987413494160009,0.7862537073931425,94,2017,CZE,24.5,76.007551903504
74,29.0,1995,73.11922552354649,0.3333333333333333,0.5,0.0,1.0,0.0,0.0,0.0,0.9801290794089184,0.5799446802533207,96,1995,DEU,29.0,73.11922552354649
75,27.0,1996,73.4212431122553,0.9999999999971484,2.1387336163411753e-12,0.0,1.0,0.14285714285714288,0.0,0.0,0.9297928146241172,0.6015173651610926,97,1996,DEU,27.0,73.4212431122553
76,25.0,1997,73.8790125703962,1.0,0.0,0.0,1.0,0.28571428571428575,0.0,0.0,0.8534979049339668,0.6342151835997285,98,1997,DEU,25.0,73.8790125703962
77,25.0,1998,74.31558192426479,1.0,0.0,0.0,1.0,0.4285714285714286,0.0,0.0,0.7807363459558682,0.6653987088760565,99,1998,DEU,25.0,74.31558192426479
78,25.0,1999,74.5762233715882,1.0,0.0,0.0,1.0,0.5714285714285715,0.0,0.0,0.7372961047353002,0.6840159551134427,100,1999,DEU,25.0,74.5762233715882
79,25.0,2000,74.85769918707851,1.0,0.0,0.0,1.0,0.7142857142857143,0.0,0.0,0.6903834688202485,0.7041213705056079,101,2000,DEU,25.0,74.85769918707851
80,25.0,2001,75.2765808133198,1.0,0.0,0.0,1.0,0.8571428571428572,0.0,0.0,0.6205698644467006,0.7340414866656997,102,2001,DEU,25.0,75.2765808133198
81,26.1,2005,76.3566417781837,1.0,0.0,0.0,0.5,1.0,0.0,0.0,0.44055970363604996,0.811188698441693,106,2005,DEU,26.1,76.3566417781837
82,26.8,2006,76.753164155801,1.0,0.0,0.0,0.3333333333333333,1.0,0.0,0.0,0.37447264069983294,0.8395117254143573,107,2006,DEU,26.8,76.753164155801
83,30.4,2007,76.91316991129709,0.0,0.8499999999999996,0.0,0.16666666666666666,1.0,0.0,0.0,0.3478050147838184,0.8509407079497922,108,2007,DEU,30.4,76.91316991129709
84,30.2,2008,77.10690716027409,0.0,0.7999999999999998,0.0,5.1234852449804645e-11,1.0,6.148182293976556e-11,0.0,0.31551547328765156,0.8647790828767208,109,2008,DEU,30.2,77.10690716027409
85,29.1,2009,77.2354606481443,0.2999999999999995,0.5250000000000004,0.0,0.0,1.0,0.19999999999999998,0.0,0.2940898919759505,0.8739614748674498,110,2009,DEU,29.1,77.2354606481443
86,29.3,2010,77.43505419031351,0.23333333333333311,0.5750000000000002,0.0,0.0,1.0,0.4,0.0,0.2608243016144153,0.8882181564509649,111,2010,DEU,29.3,77.43505419031351
87,29.0,2011,77.7731065039113,0.3333333333333333,0.5,0.0,0.0,1.0,0.6,0.0,0.20448224934811776,0.9123647502793781,112,2011,DEU,29.0,77.7731065039113
88,28.3,2012,77.9675847233979,0.5666666666666664,0.3250000000000002,0.0,0.0,1.0,0.8,0.0,0.17206921276701573,0.926256051671279,113,2012,DEU,28.3,77.9675847233979
89,29.7,2013,77.98448905302709,0.10000000000000023,0.6749999999999998,0.0,0.0,0.9999999999148713,0.9999999999148713,0.0,0.16925182449548498,0.9274635037876493,114,2013,DEU,29.7,77.98448905302709
90,30.7,2014,78.435340362676,0.0,0.9249999999999998,0.0,0.0,0.7999999999999999,1.0,0.0,0.0941099395539998,0.9596671687625715,115,2014,DEU,30.7,78.435340362676
91,30.1,2015,78.131998920681,0.0,0.7750000000000004,0.0,0.0,0.6,1.0,0.0,0.14466684655316678,0.9379999229057856,116,2015,DEU,30.1,78.131998920681
92,29.5,2016,78.3848060273553,0.16666666666666669,0.625,0.0,0.0,0.39999999999999997,1.0,0.0,0.10253232877411733,0.9560575733825211,117,2016,DEU,29.5,78.3848060273553
93,29.1,2017,78.5640158636385,0.2999999999999995,0.5250000000000004,0.0,0.0,0.2,1.0,0.0,0.07266402272691626,0.9688582759741787,118,2017,DEU,29.1,78.5640158636385
94,20.0,1995,72.7271125167062,1.0,0.0,0.0,1.0,0.0,0.0,0.0,0.965889064588275,0.5519366083361571,120,1995,DNK,20.0,72.7271125167062
95,20.0,1997,73.55876919689159,1.0,0.0,0.0,1.0,0.28571428571428575,0.0,0.0,0.9068718005180685,0.6113406569208277,122,1997,DNK,20.0,73.55876919689159
96,21.0,1999,74.2011887632971,1.0,0.0,0.0,1.0,0.5714285714285715,0.0,0.0,0.7998018727838172,0.6572277688069356,124,1999,DNK,21.0,74.2011887632971
97,22.0,2001,74.669387474129,1.0,0.0,0.0,1.0,0.8571428571428572,0.0,0.0,0.7217687543118341,0.6906705338663569,126,2001,DNK,22.0,74.669387474129
98,24.8,2003,75.28176960341091,1.0,0.0,0.0,0.8333333333333334,1.0,0.0,0.0,0.6197050660981821,0.7344121145293505,128,2003,DNK,24.8,75.28176960341091
99,23.9,2004,75.1498977038838,1.0,0.0,0.0,0.6666666666666666,1.0,0.0,0.0,0.6416837160193675,0.7249926931345567,129,2004,DNK,23.9,75.1498977038838
100,23.9,2005,75.9354960251976,1.0,0.0,0.0,0.5,1.0,0.0,0.0,0.5107506624670677,0.7811068589426853,130,2005,DNK,23.9,75.9354960251976
101,23.7,2006,75.89428936961059,1.0,0.0,0.0,0.3333333333333333,1.0,0.0,0.0,0.517618438398235,0.7781635264007565,131,2006,DNK,23.7,75.89428936961059
102,25.2,2007,76.12855648742699,1.0,0.0,0.0,0.16666666666666666,1.0,0.0,0.0,0.4785739187621682,0.7948968919590708,132,2007,DNK,25.2,76.12855648742699
103,25.1,2008,76.48332731089829,1.0,0.0,0.0,5.1234852449804645e-11,1.0,6.148182293976556e-11,0.0,0.41944544818361845,0.8202376650641636,133,2008,DNK,25.1,76.48332731089829
104,26.9,2009,76.8469214144158,1.0,0.0,0.0,0.0,1.0,0.19999999999999998,0.0,0.35884643093069946,0.8462086724582717,134,2009,DNK,26.9,76.8469214144158
105,26.9,2010,77.11454418411779,1.0,0.0,0.0,0.0,1.0,0.4,0.0,0.31424263598036833,0.8653245845798421,135,2010,DNK,26.9,77.11454418411779
106,26.6,2011,77.7094745796688,1.0,0.0,0.0,0.0,1.0,0.6,0.0,0.21508757005520113,0.9078196128334852,136,2011,DNK,26.6,77.7094745796688
107,26.5,2012,78.05844071777709,1.0,0.0,0.0,0.0,1.0,0.8,0.0,0.15692654703715192,0.9327457655555064,137,2012,DNK,26.5,78.05844071777709
108,26.8,2013,78.26464554263,1.0,0.0,0.0,0.0,0.9999999999148713,0.9999999999148713,0.0,0.12255907622833226,0.947474681616429,138,2013,DNK,26.8,78.26464554263
109,27.7,2014,78.5664674407962,0.7666666666666669,0.17499999999999982,0.0,0.0,0.7999999999999999,1.0,0.0,0.07225542653396624,0.9690333886283001,139,2014,DNK,27.7,78.5664674407962
110,27.4,2015,78.7678423387125,0.8666666666666671,0.09999999999999964,0.0,0.0,0.6,1.0,0.0,0.038692943547917004,0.9834173099080356,140,2015,DNK,27.4,78.7678423387125
111,27.7,2016,78.94655726405401,0.7666666666666669,0.17499999999999982,0.0,0.0,0.39999999999999997,1.0,0.0,0.00890712265766543,0.9961826617181434,141,2016,DNK,27.7,78.94655726405401
112,34.0,1995,74.5597126416593,0.0,0.25,0.6666666666666666,1.0,0.0,0.0,0.0,0.7400478930567829,0.6828366172613788,144,1995,ESP,34.0,74.5597126416593
113,34.0,1996,74.6881408862795,0.0,0.25,0.6666666666666666,1.0,0.14285714285714288,0.0,0.0,0.7186431856200836,0.6920100633056784,145,1996,ESP,34.0,74.6881408862795
114,35.0,1997,75.3269871248372,0.0,4.583000537232429e-12,0.9999999999938893,1.0,0.28571428571428575,0.0,0.0,0.6121688125271328,0.7376419374883716,146,1997,ESP,35.0,75.3269871248372
115,34.0,1998,75.4482955075468,0.0,0.25,0.6666666666666666,1.0,0.4285714285714286,0.0,0.0,0.5919507487421996,0.7463068219676288,147,1998,ESP,34.0,75.4482955075468
116,33.0,1999,75.46030403060391,0.0,0.5,0.3333333333333333,1.0,0.5714285714285715,0.0,0.0,0.5899493282326821,0.7471645736145649,148,1999,ESP,33.0,75.46030403060391
117,32.0,2000,75.9668657220427,0.0,0.75,4.888533950336195e-12,1.0,0.7142857142857143,0.0,0.0,0.5055223796595504,0.7833475515744784,149,2000,ESP,32.0,75.9668657220427
118,33.0,2001,76.2944716946475,0.0,0.5,0.3333333333333333,1.0,0.8571428571428572,0.0,0.0,0.45092138422541694,0.806747978189107,150,2001,ESP,33.0,76.2944716946475
119,31.0,2002,76.40008889458642,0.0,0.9999999999932783,0.0,0.999999999972412,0.9999999999763531,0.0,0.0,0.43331851756893036,0.8142920638990299,151,2002,ESP,31.0,76.40008889458642
120,31.0,2004,76.98882931761509,0.0,0.9999999999932783,0.0,0.6666666666666666,1.0,0.0,0.0,0.3351951137308191,0.8563449512582204,153,2004,ESP,31.0,76.98882931761509
121,32.2,2005,77.03377183947529,0.0,0.6999999999999993,0.06666666666666761,0.5,1.0,0.0,0.0,0.32770469342078457,0.8595551313910923,154,2005,ESP,32.2,77.03377183947529
122,31.9,2006,77.7071656627655,0.0,0.7750000000000004,0.0,0.3333333333333333,1.0,0.0,0.0,0.21547238953908257,0.9076546901975361,155,2006,ESP,31.9,77.7071656627655
123,31.9,2007,77.77656970752741,0.0,0.7750000000000004,0.0,0.16666666666666666,1.0,0.0,0.0,0.2039050487454309,0.9126121219662439,156,2007,ESP,31.9,77.77656970752741
124,32.4,2008,78.2077401340214,0.0,0.6500000000000004,0.13333333333333286,5.1234852449804645e-11,1.0,6.148182293976556e-11,0.0,0.1320433109964322,0.9434100095729576,157,2008,ESP,32.4,78.2077401340214
125,32.9,2009,78.6022178713483,0.0,0.5250000000000004,0.29999999999999954,0.0,1.0,0.19999999999999998,0.0,0.06629702144194974,0.971586990810593,158,2009,ESP,32.9,78.6022178713483
126,33.5,2010,79.01087657623779,0.0,0.375,0.5,0.0,1.0,0.4,0.0,0.0,1.0,159,2010,ESP,33.5,79.01087657623779
127,34.0,2011,79.2610928877341,0.0,0.25,0.6666666666666666,0.0,1.0,0.6,0.0,0.0,1.0,160,2011,ESP,34.0,79.2610928877341
128,34.2,2012,79.3307693685487,0.0,0.1999999999999993,0.7333333333333343,0.0,1.0,0.8,0.0,0.0,1.0,161,2012,ESP,34.2,79.3307693685487
129,33.7,2013,79.8969146608329,0.0,0.3249999999999993,0.5666666666666677,0.0,0.9999999999148713,0.9999999999148713,0.0,0.0,1.0,162,2013,ESP,33.7,79.8969146608329
130,34.7,2014,80.0825732711041,0.0,0.07499999999999929,0.9000000000000009,0.0,0.7999999999999999,1.0,0.0,0.0,1.0,163,2014,ESP,34.7,80.0825732711041
131,34.6,2015,79.8927076606083,0.0,0.09999999999999964,0.8666666666666671,0.0,0.6,1.0,0.0,0.0,1.0,164,2015,ESP,34.6,79.8927076606083
132,34.5,2016,80.275198548933,0.0,0.125,0.8333333333333334,0.0,0.39999999999999997,1.0,0.0,0.0,1.0,165,2016,ESP,34.5,80.275198548933
133,36.0,2000,65.614080634665,0.0,0.0,1.0,1.0,0.7142857142857143,0.0,0.912274195047857,0.07676007933312512,0.0438629024760715,173,2000,EST,36.0,65.614080634665
134,35.0,2001,65.1687962054661,0.0,4.583000537232429e-12,0.9999999999938893,1.0,0.8571428571428572,0.0,0.9758862563619866,0.02109952568326179,0.012056871819006736,174,2001,EST,35.0,65.1687962054661
135,35.0,2002,65.5614481672395,0.0,4.583000537232429e-12,0.9999999999938893,0.999999999972412,0.9999999999763531,0.0,0.9197931189657851,0.07018102090493805,0.04010344051710746,175,2002,EST,35.0,65.5614481672395
136,37.4,2004,66.73084072984939,0.0,0.0,1.0,0.6666666666666666,1.0,0.0,0.7527370385929443,0.2163550912311738,0.12363148070352789,177,2004,EST,37.4,66.73084072984939
137,34.1,2005,67.5741324388451,0.0,0.22499999999999964,0.7000000000000005,0.5,1.0,0.0,0.6322667944507003,0.3217665548556372,0.18386660277464983,178,2005,EST,34.1,67.5741324388451
138,33.1,2006,67.6411315148023,0.0,0.47499999999999964,0.36666666666666714,0.3333333333333333,1.0,0.0,0.6226954978853863,0.33014143935028706,0.18865225105730687,179,2006,EST,33.1,67.6411315148023
139,33.4,2007,67.4518611049413,0.0,0.40000000000000036,0.4666666666666662,0.16666666666666666,1.0,0.0,0.6497341278655284,0.30648263811766263,0.1751329360672358,180,2007,EST,33.4,67.4518611049413
140,30.9,2008,68.8944672586252,0.0,0.9749999999999996,0.0,5.1234852449804645e-11,1.0,6.148182293976556e-11,0.4436475344821146,0.4868084073281498,0.27817623275894277,181,2008,EST,30.9,68.8944672586252
141,31.4,2009,69.988195709574,0.0,0.9000000000000004,0.0,0.0,1.0,0.19999999999999998,0.2874006129179999,0.6235244636967501,0.35629969354100005,182,2009,EST,31.4,69.988195709574
142,31.3,2010,70.8195843655057,0.0,0.9249999999999998,0.0,0.0,1.0,0.4,0.16863080492775648,0.7274480456882131,0.41568459753612175,183,2010,EST,31.3,70.8195843655057
143,31.9,2011,71.2982099208457,0.0,0.7750000000000004,0.0,0.0,1.0,0.6,0.10025572559347243,0.7872762401057116,0.4498721372032638,184,2011,EST,31.9,71.2982099208457
144,32.5,2012,71.32862856457541,0.0,0.625,0.16666666666666666,0.0,1.0,0.8,0.09591020506065563,0.7910785705719263,0.4520448974696722,185,2012,EST,32.5,71.32862856457541
145,32.9,2013,72.6922605697552,0.0,0.5250000000000004,0.29999999999999954,0.0,0.9999999999148713,0.9999999999148713,0.0,0.9615325712194007,0.5494471835539433,186,2013,EST,32.9,72.6922605697552
146,35.6,2014,72.3018505377366,0.0,0.0,1.0,0.0,0.7999999999999999,1.0,0.0,0.9127313172170748,0.5215607526954713,187,2014,EST,35.6,72.3018505377366
147,34.8,2015,73.06855802058959,0.0,0.05000000000000071,0.9333333333333323,0.0,0.6,1.0,0.0,0.988573663235068,0.5763255728992566,188,2015,EST,34.8,73.06855802058959
148,32.7,2016,73.178844445224,0.0,0.5749999999999993,0.23333333333333428,0.0,0.39999999999999997,1.0,0.0,0.9701925924626664,0.5842031746588573,189,2016,EST,32.7,73.178844445224
149,31.6,2017,73.6461770855184,0.0,0.8499999999999996,0.0,0.0,0.2,1.0,0.0,0.8923038190802662,0.6175840775370287,190,2017,EST,31.6,73.6461770855184
150,22.0,1996,73.0314195196223,1.0,0.0,0.0,1.0,0.14285714285714288,0.0,0.0,0.9947634133962827,0.5736728228301646,193,1996,FIN,22.0,73.0314195196223
151,22.0,1997,73.43244785871221,1.0,0.0,0.0,1.0,0.28571428571428575,0.0,0.0,0.9279253568812985,0.6023177041937292,194,1997,FIN,22.0,73.43244785871221
152,22.0,1998,73.5139292668188,1.0,0.0,0.0,1.0,0.4285714285714286,0.0,0.0,0.9143451221968657,0.6081378047727719,195,1998,FIN,22.0,73.5139292668188
153,24.0,1999,73.73950107410221,1.0,0.0,0.0,1.0,0.5714285714285715,0.0,0.0,0.8767498209829654,0.6242500767215863,196,1999,FIN,24.0,73.73950107410221
154,24.0,2000,74.1509055663748,1.0,0.0,0.0,1.0,0.7142857142857143,0.0,0.0,0.8081824056041995,0.6536361118839145,197,2000,FIN,24.0,74.1509055663748
155,27.0,2001,74.5772313646558,0.9999999999971484,2.1387336163411753e-12,0.0,1.0,0.8571428571428572,0.0,0.0,0.7371281058906997,0.6840879546182715,198,2001,FIN,27.0,74.5772313646558
156,26.0,2002,74.86238657163571,1.0,0.0,0.0,0.999999999972412,0.9999999999763531,0.0,0.0,0.689602238060715,0.704456183688265,199,2002,FIN,26.0,74.86238657163571
157,25.5,2004,75.3031652072911,1.0,0.0,0.0,0.6666666666666666,1.0,0.0,0.0,0.6161391321181497,0.7359403719493645,201,2004,FIN,25.5,75.3031652072911
158,26.0,2005,75.53013790086679,1.0,0.0,0.0,0.5,1.0,0.0,0.0,0.5783103498555349,0.7521527072047708,202,2005,FIN,26.0,75.53013790086679
159,25.9,2006,75.8184567512842,1.0,0.0,0.0,0.3333333333333333,1.0,0.0,0.0,0.5302572081192997,0.7727469108060144,203,2006,FIN,25.9,75.8184567512842
160,26.2,2007,75.8553471704094,1.0,0.0,0.0,0.16666666666666666,1.0,0.0,0.0,0.5241088049317663,0.7753819407435287,204,2007,FIN,26.2,75.8553471704094
161,26.3,2008,76.33808591432451,1.0,0.0,0.0,5.1234852449804645e-11,1.0,6.148182293976556e-11,0.0,0.4436523476125819,0.8098632795946078,205,2008,FIN,26.3,76.33808591432451
162,25.9,2009,76.47807681170741,1.0,0.0,0.0,0.0,1.0,0.19999999999999998,0.0,0.42032053138209824,0.8198626294076722,206,2009,FIN,25.9,76.47807681170741
163,25.4,2010,76.72253024538291,1.0,0.0,0.0,0.0,1.0,0.4,0.0,0.3795782924361812,0.8373235889559223,207,2010,FIN,25.4,76.72253024538291
164,25.8,2011,77.1892756173628,1.0,0.0,0.0,0.0,1.0,0.6,0.0,0.30178739710620067,0.8706625440973426,208,2011,FIN,25.8,77.1892756173628
165,25.9,2012,77.50321863809259,1.0,0.0,0.0,0.0,1.0,0.8,0.0,0.24946356031790154,0.8930870455780422,209,2012,FIN,25.9,77.50321863809259
166,25.4,2013,77.8743560596966,1.0,0.0,0.0,0.0,0.9999999999148713,0.9999999999148713,0.0,0.18760732338390085,0.9195968614068997,210,2013,FIN,25.4,77.8743560596966
167,25.6,2014,78.1285469660732,1.0,0.0,0.0,0.0,0.7999999999999999,1.0,0.0,0.145242172321133,0.9377533547195145,211,2014,FIN,25.6,78.1285469660732
168,25.2,2015,78.5940644374911,1.0,0.0,0.0,0.0,0.6,1.0,0.0,0.06765592708481687,0.9710046026779356,212,2015,FIN,25.2,78.5940644374911
169,25.4,2016,78.42826748302,1.0,0.0,0.0,0.0,0.39999999999999997,1.0,0.0,0.09528875283000104,0.9591619630728567,213,2016,FIN,25.4,78.42826748302
170,25.3,2017,78.7219976377303,1.0,0.0,0.0,0.0,0.2,1.0,0.0,0.0463337270449505,0.980142688409307,214,2017,FIN,25.3,78.7219976377303
171,25.9,2018,78.9474813244868,1.0,0.0,0.0,0.0,1.0877550717142306e-10,0.9999994561221683,0.0,0.008753112585533056,0.9962486660347716,215,2018,FIN,25.9,78.9474813244868
172,29.0,1995,73.8346967265736,0.3333333333333333,0.5,0.0,1.0,0.0,0.0,0.0,0.8608838789044005,0.6310497661838284,216,1995,FRA,29.0,73.8346967265736
173,29.0,1996,74.0631559114327,0.3333333333333333,0.5,0.0,1.0,0.14285714285714288,0.0,0.0,0.8228073480945497,0.6473682793880501,217,1996,FRA,29.0,74.0631559114327
174,29.0,1997,74.5060887290889,0.3333333333333333,0.5,0.0,1.0,0.28571428571428575,0.0,0.0,0.7489852118185164,0.6790063377920643,218,1997,FRA,29.0,74.5060887290889
175,28.0,1998,74.7223915632105,0.6666666666666667,0.25,0.0,1.0,0.4285714285714286,0.0,0.0,0.7129347394649178,0.694456540229321,219,1998,FRA,28.0,74.7223915632105
176,29.0,1999,74.93882820962492,0.3333333333333333,0.5,0.0,1.0,0.5714285714285715,0.0,0.0,0.6768619650625141,0.709916300687494,220,1999,FRA,29.0,74.93882820962492
177,28.0,2000,75.2345039961953,0.6666666666666667,0.25,0.0,1.0,0.7142857142857143,0.0,0.0,0.6275826673007832,0.7310359997282357,221,2000,FRA,28.0,75.2345039961953
178,27.0,2001,75.43042759441259,0.9999999999971484,2.1387336163411753e-12,0.0,1.0,0.8571428571428572,0.0,0.0,0.594928734264568,0.7450305424580422,222,2001,FRA,27.0,75.43042759441259
179,27.0,2002,75.7052603261292,0.9999999999971484,2.1387336163411753e-12,0.0,0.999999999972412,0.9999999999763531,0.0,0.0,0.5491232789784656,0.7646614518663719,223,2002,FRA,27.0,75.7052603261292
180,28.2,2004,76.674286201241,0.6000000000000003,0.2999999999999998,0.0,0.6666666666666666,1.0,0.0,0.0,0.38761896645983285,0.8338775858029288,225,2004,FRA,28.2,76.674286201241
181,27.7,2005,76.7188880901482,0.7666666666666669,0.17499999999999982,0.0,0.5,1.0,0.0,0.0,0.38018531830863367,0.8370634350105856,226,2005,FRA,27.7,76.7188880901482
182,27.3,2006,77.16062529228141,0.8999999999999998,0.07500000000000018,0.0,0.3333333333333333,1.0,0.0,0.0,0.3065624512864318,0.8686160923058149,227,2006,FRA,27.3,77.16062529228141
183,26.6,2007,77.38644613867329,1.0,0.0,0.0,0.16666666666666666,1.0,0.0,0.0,0.2689256435544512,0.8847461527623781,228,2007,FRA,26.6,77.38644613867329
184,29.8,2008,77.5887342903086,0.06666666666666643,0.7000000000000002,0.0,5.1234852449804645e-11,1.0,6.148182293976556e-11,0.0,0.2352109516152344,0.8991953064506139,229,2008,FRA,29.8,77.5887342903086
185,29.9,2009,77.747408640613,0.03333333333333381,0.7249999999999996,0.0,0.0,1.0,0.19999999999999998,0.0,0.20876522656449956,0.9105291886152145,230,2009,FRA,29.9,77.747408640613
186,29.8,2010,78.01139171596641,0.06666666666666643,0.7000000000000002,0.0,0.0,1.0,0.4,0.0,0.16476804733893147,0.9293851225690294,231,2010,FRA,29.8,78.01139171596641
187,30.8,2011,78.4233992131928,0.0,0.9500000000000002,0.0,0.0,1.0,0.6,0.0,0.0961001311345342,0.958814229513771,232,2011,FRA,30.8,78.4233992131928
188,30.5,2012,78.4868645929089,0.0,0.875,0.0,0.0,1.0,0.8,0.0,0.08552256784851646,0.9633474709220644,233,2012,FRA,30.5,78.4868645929089
189,30.1,2013,78.76453303087159,0.0,0.7750000000000004,0.0,0.0,0.9999999999148713,0.9999999999148713,0.0,0.039244494854735024,0.9831809307765421,234,2013,FRA,30.1,78.76453303087159
190,29.2,2014,79.2733059741953,0.2666666666666669,0.5499999999999998,0.0,0.0,0.7999999999999999,1.0,0.0,0.0,1.0,235,2014,FRA,29.2,79.2733059741953
191,29.2,2015,79.0153965874292,0.2666666666666669,0.5499999999999998,0.0,0.0,0.6,1.0,0.0,0.0,1.0,236,2015,FRA,29.2,79.0153965874292
192,29.3,2016,79.3130414962545,0.23333333333333311,0.5750000000000002,0.0,0.0,0.39999999999999997,1.0,0.0,0.0,1.0,237,2016,FRA,29.3,79.3130414962545
193,28.8,2017,79.43976659532059,0.39999999999999974,0.4500000000000002,0.0,0.0,0.2,1.0,0.0,0.0,1.0,238,2017,FRA,28.8,79.43976659532059
194,32.0,1995,73.9258924543502,0.0,0.75,4.888533950336195e-12,1.0,0.0,0.0,0.0,0.8456845909416325,0.6375637467393003,240,1995,GBR,32.0,73.9258924543502
195,32.0,1996,74.21828755856849,0.0,0.75,4.888533950336195e-12,1.0,0.14285714285714288,0.0,0.0,0.7969520735719181,0.6584491113263208,241,1996,GBR,32.0,74.21828755856849
196,30.0,1997,74.5665449774969,4.073778315551169e-12,0.75,0.0,1.0,0.28571428571428575,0.0,0.0,0.7389091704171827,0.6833246412497788,242,1997,GBR,30.0,74.5665449774969
197,32.0,1998,74.7159578401555,0.0,0.75,4.888533950336195e-12,1.0,0.4285714285714286,0.0,0.0,0.7140070266407506,0.6939969885825354,243,1998,GBR,32.0,74.7159578401555
198,32.0,1999,74.8706503299809,0.0,0.75,4.888533950336195e-12,1.0,0.5714285714285715,0.0,0.0,0.6882249450031827,0.7050464521414931,244,1999,GBR,32.0,74.8706503299809
199,32.0,2000,75.3752603196656,0.0,0.75,4.888533950336195e-12,1.0,0.7142857142857143,0.0,0.0,0.6041232800557333,0.7410900228332571,245,2000,GBR,32.0,75.3752603196656
200,35.0,2001,75.6940326970893,0.0,4.583000537232429e-12,0.9999999999938893,1.0,0.8571428571428572,0.0,0.0,0.5509945504851169,0.7638594783635213,246,2001,GBR,35.0,75.6940326970893
201,35.0,2002,75.8451963351177,0.0,4.583000537232429e-12,0.9999999999938893,0.999999999972412,0.9999999999763531,0.0,0.0,0.5258006108137158,0.7746568810798361,247,2002,GBR,35.0,75.8451963351177
202,34.6,2005,76.9051751757535,0.0,0.09999999999999964,0.8666666666666671,0.5,1.0,0.0,0.0,0.34913747070775025,0.8503696554109642,250,2005,GBR,34.6,76.9051751757535
203,32.5,2006,77.118190905478,0.0,0.625,0.16666666666666666,0.3333333333333333,1.0,0.0,0.0,0.3136348490869997,0.8655850646770001,251,2006,GBR,32.5,77.118190905478
204,32.6,2007,77.35290029322121,0.0,0.5999999999999996,0.20000000000000048,0.16666666666666666,1.0,0.0,0.0,0.27451661779646486,0.8823500209443722,252,2007,GBR,32.6,77.35290029322121
205,33.9,2008,77.54665961292241,0.0,0.27500000000000036,0.6333333333333329,5.1234852449804645e-11,1.0,6.148182293976556e-11,0.0,0.24222339784626476,0.8961899723516008,253,2008,GBR,33.9,77.54665961292241
206,32.4,2009,78.0263900611184,0.0,0.6500000000000004,0.13333333333333286,0.0,1.0,0.19999999999999998,0.0,0.1622683231469324,0.930456432937029,254,2009,GBR,32.4,78.0263900611184
207,32.9,2010,78.3581737529625,0.0,0.5250000000000004,0.29999999999999954,0.0,1.0,0.4,0.0,0.10697104117291663,0.9541552680687501,255,2010,GBR,32.9,78.3581737529625
208,33.0,2011,78.7765967396497,0.0,0.5,0.3333333333333333,0.0,1.0,0.6,0.0,0.03723387672504922,0.9840426242606931,256,2011,GBR,33.0,78.7765967396497
209,31.3,2012,78.95636832640871,0.0,0.9249999999999998,0.0,0.0,1.0,0.8,0.0,0.007271945598548749,0.9968834518863362,257,2012,GBR,31.3,78.95636832640871
210,30.2,2013,78.9997753040313,0.0,0.7999999999999998,0.0,0.0,0.9999999999148713,0.9999999999148713,0.0,6.174367504857376e-05,0.9999735384249792,258,2013,GBR,30.2,78.9997753040313
211,31.6,2014,79.2508927050386,0.0,0.8499999999999996,0.0,0.0,0.7999999999999999,1.0,0.0,0.0,1.0,259,2014,GBR,31.6,79.2508927050386
212,32.4,2015,79.0420186978244,0.0,0.6500000000000004,0.13333333333333286,0.0,0.6,1.0,0.0,0.0,1.0,260,2015,GBR,32.4,79.0420186978244
213,31.5,2016,79.1768985341849,0.0,0.875,0.0,0.0,0.39999999999999997,1.0,0.0,0.0,1.0,261,2016,GBR,31.5,79.1768985341849
214,31.6,2010,73.38385213382979,0.0,0.8499999999999996,0.0,0.0,1.0,0.4,0.0,0.9360246443617015,0.5988465809878422,279,2010,HRV,31.6,73.38385213382979
215,31.2,2011,73.7729089687847,0.0,0.9500000000000002,0.0,0.0,1.0,0.6,0.0,0.8711818385358825,0.6266363549131932,280,2011,HRV,31.2,73.7729089687847
216,30.9,2012,73.8468464828227,0.0,0.9749999999999996,0.0,0.0,1.0,0.8,0.0,0.8588589195295503,0.6319176059159071,281,2012,HRV,30.9,73.8468464828227
217,30.9,2013,74.3987842131767,0.0,0.9749999999999996,0.0,0.0,0.9999999999148713,0.9999999999148713,0.0,0.7668692978038839,0.6713417295126212,282,2013,HRV,30.9,74.3987842131767
218,30.2,2014,74.63270068880759,0.0,0.7999999999999998,0.0,0.0,0.7999999999999999,1.0,0.0,0.7278832185320686,0.688050049200542,283,2014,HRV,30.2,74.63270068880759
219,30.4,2015,74.31838636258921,0.0,0.8499999999999996,0.0,0.0,0.6,1.0,0.0,0.7802689395684652,0.6655990258992291,284,2015,HRV,30.4,74.31838636258921
220,29.8,2016,74.9126543879063,0.06666666666666643,0.7000000000000002,0.0,0.0,0.39999999999999997,1.0,0.0,0.6812242686822833,0.7080467419933072,285,2016,HRV,29.8,74.9126543879063
221,29.9,2017,74.8703567246086,0.03333333333333381,0.7249999999999996,0.0,0.0,0.2,1.0,0.0,0.6882738792319003,0.7050254803291855,286,2017,HRV,29.9,74.8703567246086
222,26.0,2000,67.4874397096107,1.0,0.0,0.0,1.0,0.7142857142857143,0.0,0.6446514700556146,0.3109299637013372,0.17767426497219266,293,2000,HUN,26.0,67.4874397096107
223,25.0,2001,68.1855190226737,1.0,0.0,0.0,1.0,0.8571428571428572,0.0,0.5449258539037568,0.3981898778342128,0.2275370730481216,294,2001,HUN,25.0,68.1855190226737
224,24.0,2002,68.28485749968571,1.0,0.0,0.0,0.999999999972412,0.9999999999763531,0.0,0.5307346429020409,0.41060718746071423,0.23463267854897957,295,2002,HUN,24.0,68.28485749968571
225,27.6,2005,68.61697513998429,0.7999999999999996,0.15000000000000036,0.0,0.5,1.0,0.0,0.48328926571652986,0.45212189249803636,0.25835536714173507,298,2005,HUN,27.6,68.61697513998429
226,33.3,2006,69.0807319673665,0.0,0.4250000000000007,0.4333333333333324,0.3333333333333333,1.0,0.0,0.41703829037621376,0.5100914959208129,0.2914808548118931,299,2006,HUN,33.3,69.0807319673665
227,25.6,2007,69.2636672275968,1.0,0.0,0.0,0.16666666666666666,1.0,0.0,0.390904681771886,0.5329584034495998,0.304547659114057,300,2007,HUN,25.6,69.2636672275968
228,25.2,2008,69.8345244041209,1.0,0.0,0.0,5.1234852449804645e-11,1.0,6.148182293976556e-11,0.30935365655415736,0.6043155505151123,0.3453231717229213,301,2008,HUN,25.2,69.8345244041209
229,24.7,2009,70.12143676212689,1.0,0.0,0.0,0.0,1.0,0.19999999999999998,0.26836617683901565,0.6401795952658613,0.36581691158049223,302,2009,HUN,24.7,70.12143676212689
230,24.1,2010,70.5723438907008,1.0,0.0,0.0,0.0,1.0,0.4,0.20395087275702956,0.6965429863375991,0.39802456362148525,303,2010,HUN,24.1,70.5723438907008
231,26.9,2011,71.1492548886523,1.0,0.0,0.0,0.0,1.0,0.6,0.12153501590681515,0.7686568610815367,0.4392324920465924,304,2011,HUN,26.9,71.1492548886523
232,27.2,2012,71.5518720755622,0.9333333333333336,0.04999999999999982,0.0,0.0,1.0,0.8,0.06401827491968554,0.8189840094452752,0.4679908625401572,305,2012,HUN,27.2,71.5518720755622
233,28.3,2013,72.1246985271953,0.5666666666666664,0.3250000000000002,0.0,0.0,0.9999999999148713,0.9999999999148713,0.0,0.8905873158994133,0.5089070376568077,306,2013,HUN,28.3,72.1246985271953
234,28.6,2014,72.2606392843868,0.4666666666666662,0.40000000000000036,0.0,0.0,0.7999999999999999,1.0,0.0,0.9075799105483497,0.5186170917419142,307,2014,HUN,28.6,72.2606392843868
235,28.2,2015,72.22995434458441,0.6000000000000003,0.2999999999999998,0.0,0.0,0.6,1.0,0.0,0.9037442930730517,0.5164253103274581,308,2015,HUN,28.2,72.22995434458441
236,28.2,2016,72.5630730020693,0.6000000000000003,0.2999999999999998,0.0,0.0,0.39999999999999997,1.0,0.0,0.9453841252586628,0.5402195001478074,309,2016,HUN,28.2,72.5630730020693
237,28.1,2017,72.5535919321121,0.6333333333333329,0.27500000000000036,0.0,0.0,0.2,1.0,0.0,0.9441989915140123,0.5395422808651499,310,2017,HUN,28.1,72.5535919321121
238,33.0,1995,72.763041551015,0.0,0.5,0.3333333333333333,1.0,0.0,0.0,0.0,0.9703801938768741,0.5545029679296424,312,1995,IRL,33.0,72.763041551015
239,33.0,1996,73.0636950236847,0.0,0.5,0.3333333333333333,1.0,0.14285714285714288,0.0,0.0,0.9893841627192165,0.5759782159774787,313,1996,IRL,33.0,73.0636950236847
240,33.0,1997,73.3539788684916,0.0,0.5,0.3333333333333333,1.0,0.28571428571428575,0.0,0.0,0.9410035219180676,0.5967127763208282,314,1997,IRL,33.0,73.3539788684916
241,34.0,1998,73.3956223332327,0.0,0.25,0.6666666666666666,1.0,0.4285714285714286,0.0,0.0,0.9340629444612176,0.5996873095166211,315,1998,IRL,34.0,73.3956223332327
242,32.0,1999,73.426637805864,0.0,0.75,4.888533950336195e-12,1.0,0.5714285714285715,0.0,0.0,0.9288936990226659,0.6019027004188575,316,1999,IRL,32.0,73.426637805864
243,30.0,2000,73.93991876853309,4.073778315551169e-12,0.75,0.0,1.0,0.7142857142857143,0.0,0.0,0.8433468719111517,0.6385656263237921,317,2000,IRL,30.0,73.93991876853309
244,29.0,2001,74.4896179841948,0.3333333333333333,0.5,0.0,1.0,0.8571428571428572,0.0,0.0,0.7517303359675344,0.6778298560139139,318,2001,IRL,29.0,74.4896179841948
245,30.6,2003,75.64011245612092,0.0,0.9000000000000004,0.0,0.8333333333333334,1.0,0.0,0.0,0.5599812573131805,0.7600080325800654,320,2003,IRL,30.6,75.64011245612092
246,31.5,2004,76.0075372300353,0.0,0.875,0.0,0.6666666666666666,1.0,0.0,0.0,0.4987437949941172,0.7862526592882355,321,2004,IRL,31.5,76.0075372300353
247,31.9,2005,76.6057009270973,0.0,0.7750000000000004,0.0,0.5,1.0,0.0,0.0,0.3990498454837829,0.8289786376498073,322,2005,IRL,31.9,76.6057009270973
248,31.9,2006,76.77112712920359,0.0,0.7750000000000004,0.0,0.3333333333333333,1.0,0.0,0.0,0.3714788117994014,0.8407947949431137,323,2006,IRL,31.9,76.77112712920359
249,31.3,2007,77.2418502566892,0.0,0.9249999999999998,0.0,0.16666666666666666,1.0,0.0,0.0,0.29302495721846594,0.8744178754778004,324,2007,IRL,31.3,77.2418502566892
250,29.9,2008,77.4736266158435,0.03333333333333381,0.7249999999999996,0.0,5.1234852449804645e-11,1.0,6.148182293976556e-11,0.0,0.2543955640260833,0.8909733297031072,325,2008,IRL,29.9,77.4736266158435
251,28.8,2009,77.65987831523759,0.39999999999999974,0.4500000000000002,0.0,0.0,1.0,0.19999999999999998,0.0,0.22335361412706808,0.9042770225169708,326,2009,IRL,28.8,77.65987831523759
252,30.7,2010,78.25351990004741,0.0,0.9249999999999998,0.0,0.0,1.0,0.4,0.0,0.12441334999209867,0.9466799928605292,327,2010,IRL,30.7,78.25351990004741
253,29.8,2011,78.44153625311091,0.06666666666666643,0.7000000000000002,0.0,0.0,1.0,0.6,0.0,0.0930772911481815,0.960109732365065,328,2011,IRL,29.8,78.44153625311091
254,30.4,2012,78.5940968282596,0.0,0.8499999999999996,0.0,0.0,1.0,0.8,0.0,0.0676505286234009,0.9710069163042567,329,2012,IRL,30.4,78.5940968282596
255,30.7,2013,78.9181518994108,0.0,0.9249999999999998,0.0,0.0,0.9999999999148713,0.9999999999148713,0.0,0.013641350098199704,0.9941537071007716,330,2013,IRL,30.7,78.9181518994108
256,31.1,2014,79.24854358112441,0.0,0.9749999999999996,0.0,0.0,0.7999999999999999,1.0,0.0,0.0,1.0,331,2014,IRL,31.1,79.24854358112441
257,29.7,2015,79.5184016068496,0.10000000000000023,0.6749999999999998,0.0,0.0,0.6,1.0,0.0,0.0,1.0,332,2015,IRL,29.7,79.5184016068496
258,29.6,2016,79.6572571216524,0.13333333333333286,0.6500000000000004,0.0,0.0,0.39999999999999997,1.0,0.0,0.0,1.0,333,2016,IRL,29.6,79.6572571216524
259,30.6,2017,80.0923043895931,0.0,0.9000000000000004,0.0,0.0,0.2,1.0,0.0,0.0,1.0,334,2017,IRL,30.6,80.0923043895931
260,33.0,1995,74.7795132238017,0.0,0.5,0.3333333333333333,1.0,0.0,0.0,0.0,0.7034144626997166,0.6985366588429786,336,1995,ITA,33.0,74.7795132238017
261,32.0,1996,75.1856171075962,0.0,0.75,4.888533950336195e-12,1.0,0.14285714285714288,0.0,0.0,0.6357304820672999,0.7275440791140143,337,1996,ITA,32.0,75.1856171075962
262,31.0,1997,75.5361136037893,0.0,0.9999999999932783,0.0,1.0,0.28571428571428575,0.0,0.0,0.5773143993684495,0.7525795431278074,338,1997,ITA,31.0,75.5361136037893
263,31.0,1998,75.6401590814005,0.0,0.9999999999932783,0.0,1.0,0.4285714285714286,0.0,0.0,0.5599734864332504,0.7600113629571784,339,1998,ITA,31.0,75.6401590814005
264,30.0,1999,76.0594165431028,4.073778315551169e-12,0.75,0.0,1.0,0.5714285714285715,0.0,0.0,0.4900972428162002,0.7899583245073428,340,1999,ITA,30.0,76.0594165431028
265,29.0,2000,76.5338092117047,0.3333333333333333,0.5,0.0,1.0,0.7142857142857143,0.0,0.0,0.4110317980492155,0.8238435151217648,341,2000,ITA,29.0,76.5338092117047
266,29.0,2001,76.7956059592649,0.3333333333333333,0.5,0.0,1.0,0.8571428571428572,0.0,0.0,0.36739900678918264,0.842543282804636,342,2001,ITA,29.0,76.7956059592649
267,32.9,2004,78.06279421599399,0.0,0.5250000000000004,0.29999999999999954,0.6666666666666666,1.0,0.0,0.0,0.1562009640010018,0.9330567297138563,345,2004,ITA,32.9,78.06279421599399
268,32.7,2005,78.1681567905858,0.0,0.5749999999999993,0.23333333333333428,0.5,1.0,0.0,0.0,0.13864053490236708,0.9405826278989855,346,2005,ITA,32.7,78.1681567905858
269,32.1,2006,78.5777169067523,0.0,0.7249999999999996,0.033333333333333805,0.3333333333333333,1.0,0.0,0.0,0.07038051554128326,0.9698369219108786,347,2006,ITA,32.1,78.5777169067523
270,32.0,2007,78.76755532809379,0.0,0.75,4.888533950336195e-12,0.16666666666666666,1.0,0.0,0.0,0.03874077865103469,0.9833968091495565,348,2007,ITA,32.0,78.76755532809379
271,31.2,2008,78.9746733474168,0.0,0.9500000000000002,0.0,5.1234852449804645e-11,1.0,6.148182293976556e-11,0.0,0.0042211087638672025,0.9981909533869141,349,2008,ITA,31.2,78.9746733474168
272,31.8,2009,79.166048392575,0.0,0.7999999999999998,0.0,0.0,1.0,0.19999999999999998,0.0,0.0,1.0,350,2009,ITA,31.8,79.166048392575
273,31.7,2010,79.56062125138699,0.0,0.8250000000000002,0.0,0.0,1.0,0.4,0.0,0.0,1.0,351,2010,ITA,31.7,79.56062125138699
274,32.5,2011,79.72829001404921,0.0,0.625,0.16666666666666666,0.0,1.0,0.6,0.0,0.0,1.0,352,2011,ITA,32.5,79.72829001404921
275,32.4,2012,79.8387193773275,0.0,0.6500000000000004,0.13333333333333286,0.0,1.0,0.8,0.0,0.0,1.0,353,2012,ITA,32.4,79.8387193773275
276,32.8,2013,80.253367233991,0.0,0.5500000000000007,0.2666666666666657,0.0,0.9999999999148713,0.9999999999148713,0.0,0.0,1.0,354,2013,ITA,32.8,80.253367233991
277,32.4,2014,80.5550290448659,0.0,0.6500000000000004,0.13333333333333286,0.0,0.7999999999999999,1.0,0.0,0.0,1.0,355,2014,ITA,32.4,80.5550290448659
278,31.0,2000,66.7382008002882,0.0,0.9999999999932783,0.0,1.0,0.7142857142857143,0.0,0.7516855999588289,0.21727510003602468,0.12415720002058553,365,2000,LTU,31.0,66.7382008002882
279,31.0,2001,65.9115045177441,0.0,0.9999999999932783,0.0,1.0,0.8571428571428572,0.0,0.8697850688936991,0.11393806471801327,0.06510746555315043,366,2001,LTU,31.0,65.9115045177441
280,36.3,2005,65.2063211841538,0.0,0.0,1.0,0.5,1.0,0.0,0.9705255451208866,0.02579014801922419,0.014737227439556681,370,2005,LTU,36.3,65.2063211841538
281,35.0,2006,65.0490105692434,0.0,4.583000537232429e-12,0.9999999999938893,0.3333333333333333,1.0,0.0,0.9929984901080847,0.0061263211554258845,0.0035007549459576486,371,2006,LTU,35.0,65.0490105692434
282,33.8,2007,64.511320510278,0.0,0.3000000000000007,0.5999999999999991,0.16666666666666666,1.0,0.0,1.0,0.0,0.0,372,2007,LTU,33.8,64.511320510278
283,34.5,2008,65.9213115047273,0.0,0.125,0.8333333333333334,5.1234852449804645e-11,1.0,6.148182293976556e-11,0.8683840707532429,0.11516393809091241,0.06580796462337851,373,2008,LTU,34.5,65.9213115047273
284,35.9,2009,67.1249879794605,0.0,0.0,1.0,0.0,1.0,0.19999999999999998,0.6964302886485001,0.2656234974325624,0.15178485567574995,374,2009,LTU,35.9,67.1249879794605
285,37.0,2010,67.5504597495442,0.0,0.0,1.0,0.0,1.0,0.4,0.635648607207971,0.31880746869302534,0.18217569639601447,375,2010,LTU,37.0,67.5504597495442
286,33.0,2011,68.0318586438779,0.0,0.5,0.3333333333333333,0.0,1.0,0.6,0.566877336588872,0.37898233048473706,0.21656133170556405,376,2011,LTU,33.0,68.0318586438779
287,32.0,2012,68.3819813567763,0.0,0.75,4.888533950336195e-12,0.0,1.0,0.8,0.5168598061748152,0.4227476695970367,0.2415700969125924,377,2012,LTU,32.0,68.3819813567763
288,34.6,2013,68.5167533191334,0.0,0.09999999999999964,0.8666666666666671,0.0,0.9999999999148713,0.9999999999148713,0.49760666869522857,0.439594164891675,0.25119666565238574,378,2013,LTU,34.6,68.5167533191334
289,35.0,2014,69.1198586596191,0.0,4.583000537232429e-12,0.9999999999938893,0.0,0.7999999999999999,1.0,0.41144876291155746,0.5149823324523872,0.2942756185442213,379,2014,LTU,35.0,69.1198586596191
290,37.9,2015,69.1415274767072,0.0,0.0,1.0,0.0,0.6,1.0,0.40835321761325766,0.5176909345883995,0.2958233911933712,380,2015,LTU,37.9,69.1415274767072
291,37.0,2016,69.46073471950271,0.0,0.0,1.0,0.0,0.39999999999999997,1.0,0.36275218292818423,0.5575918399378388,0.3186239085359079,381,2016,LTU,37.0,69.46073471950271
292,37.6,2017,70.70036237984141,0.0,0.0,1.0,0.0,0.2,1.0,0.1856625171655131,0.712545297480176,0.40716874141724346,382,2017,LTU,37.6,70.70036237984141
293,29.0,1995,72.8823048528113,0.3333333333333333,0.5,0.0,1.0,0.0,0.0,0.0,0.9852881066014127,0.5630217752008072,384,1995,LUX,29.0,72.8823048528113
294,28.0,1996,73.1667251143204,0.6666666666666667,0.25,0.0,1.0,0.14285714285714288,0.0,0.0,0.9722124809466001,0.5833375081657428,385,1996,LUX,28.0,73.1667251143204
295,25.0,1997,73.9415378006423,1.0,0.0,0.0,1.0,0.28571428571428575,0.0,0.0,0.8430770332262842,0.6386812714744496,386,1997,LUX,25.0,73.9415378006423
296,26.0,1998,73.6429634367805,1.0,0.0,0.0,1.0,0.4285714285714286,0.0,0.0,0.8928394272032492,0.6173545311986075,387,1998,LUX,26.0,73.6429634367805
297,27.0,1999,74.2787653168411,0.9999999999971484,2.1387336163411753e-12,0.0,1.0,0.5714285714285715,0.0,0.0,0.7868724471931495,0.6627689512029359,388,1999,LUX,27.0,74.2787653168411
298,26.0,2000,74.49623662896609,1.0,0.0,0.0,1.0,0.7142857142857143,0.0,0.0,0.750627228505652,0.6783026163547206,389,2000,LUX,26.0,74.49623662896609
299,27.0,2001,75.05913179487959,0.9999999999971484,2.1387336163411753e-12,0.0,1.0,0.8571428571428572,0.0,0.0,0.6568113675200683,0.7185094139199707,390,2001,LUX,27.0,75.05913179487959
300,26.5,2004,76.0255423251388,1.0,0.0,0.0,0.6666666666666666,1.0,0.0,0.0,0.49574294581019984,0.7875387375099143,393,2004,LUX,26.5,76.0255423251388
301,26.5,2005,76.7387376931853,1.0,0.0,0.0,0.5,1.0,0.0,0.0,0.37687705113578335,0.8384812637989499,394,2005,LUX,26.5,76.7387376931853
302,27.8,2006,76.8535521006832,0.7333333333333332,0.20000000000000018,0.0,0.3333333333333333,1.0,0.0,0.0,0.3577413165527995,0.8466822929059431,395,2006,LUX,27.8,76.8535521006832
303,27.4,2007,76.7356687411939,0.8666666666666671,0.09999999999999964,0.0,0.16666666666666666,1.0,0.0,0.0,0.37738854313434916,0.8382620529424218,396,2007,LUX,27.4,76.7356687411939
304,27.7,2008,78.09702760362799,0.7666666666666669,0.17499999999999982,0.0,5.1234852449804645e-11,1.0,6.148182293976556e-11,0.0,0.15049539939533454,0.9355019716877138,397,2008,LUX,27.7,78.09702760362799
305,29.2,2009,78.1326774277402,0.2666666666666669,0.5499999999999998,0.0,0.0,1.0,0.19999999999999998,0.0,0.14455376204329912,0.938048387695729,398,2009,LUX,29.2,78.1326774277402
306,27.9,2010,77.9552004832115,0.7000000000000005,0.22499999999999964,0.0,0.0,1.0,0.4,0.0,0.1741332527980835,0.9253714630865356,399,2010,LUX,27.9,77.9552004832115
307,27.2,2011,78.397195654299,0.9333333333333336,0.04999999999999982,0.0,0.0,1.0,0.6,0.0,0.10046739095016714,0.9569425467356427,400,2011,LUX,27.2,78.397195654299
308,28.0,2012,78.80633408124959,0.6666666666666667,0.25,0.0,0.0,1.0,0.8,0.0,0.03227765312506866,0.9861667200892563,401,2012,LUX,28.0,78.80633408124959
309,30.4,2013,79.39756023790059,0.0,0.8499999999999996,0.0,0.0,0.9999999999148713,0.9999999999148713,0.0,0.0,1.0,402,2013,LUX,30.4,79.39756023790059
310,28.7,2014,79.11767930847421,0.43333333333333357,0.4249999999999998,0.0,0.0,0.7999999999999999,1.0,0.0,0.0,1.0,403,2014,LUX,28.7,79.11767930847421
311,28.5,2015,79.7203105651984,0.5,0.375,0.0,0.0,0.6,1.0,0.0,0.0,1.0,404,2015,LUX,28.5,79.7203105651984
312,31.0,2016,79.8181127679095,0.0,0.9999999999932783,0.0,0.0,0.39999999999999997,1.0,0.0,0.0,1.0,405,2016,LUX,31.0,79.8181127679095
313,30.9,2017,79.5927011030167,0.0,0.9749999999999996,0.0,0.0,0.2,1.0,0.0,0.0,1.0,406,2017,LUX,30.9,79.5927011030167
314,34.0,2000,64.5314459359426,0.0,0.25,0.6666666666666666,1.0,0.7142857142857143,0.0,1.0,0.0,0.0,413,2000,LVA,34.0,64.5314459359426
315,36.2,2005,64.9400915926985,0.0,0.0,1.0,0.5,1.0,0.0,1.0,0.0,0.0,418,2005,LVA,36.2,64.9400915926985
316,38.9,2006,64.9576660754504,0.0,0.0,1.0,0.3333333333333333,1.0,0.0,1.0,0.0,0.0,419,2006,LVA,38.9,64.9576660754504
317,35.4,2007,65.2952853223242,0.0,0.0,1.0,0.16666666666666666,1.0,0.0,0.9578163825251137,0.03691066529052556,0.021091808737443176,420,2007,LVA,35.4,65.2952853223242
318,37.5,2008,66.4508451782975,0.0,0.0,1.0,5.1234852449804645e-11,1.0,6.148182293976556e-11,0.7927364031003573,0.18135564728718734,0.10363179844982133,421,2008,LVA,37.5,66.4508451782975
319,37.5,2009,67.49697447784939,0.0,0.0,1.0,0.0,1.0,0.19999999999999998,0.6432893603072297,0.312121809731174,0.17835531984638514,422,2009,LVA,37.5,67.49697447784939
320,35.9,2010,67.892565192276,0.0,0.0,1.0,0.0,1.0,0.4,0.5867764011034292,0.3615706490344994,0.2066117994482854,423,2010,LVA,35.9,67.892565192276
321,35.1,2011,68.5478713267342,0.0,0.0,1.0,0.0,1.0,0.6,0.493161239037972,0.4434839158417745,0.253419380481014,424,2011,LVA,35.1,68.5478713267342
322,35.7,2012,68.8524618442261,0.0,0.0,1.0,0.0,1.0,0.8,0.4496483079677002,0.48155773052826234,0.2751758460161499,425,2012,LVA,35.7,68.8524618442261
323,35.2,2013,69.2610459195564,0.0,0.0,1.0,0.0,0.9999999999148713,0.9999999999148713,0.39127915434908644,0.5326307399445493,0.3043604228254568,426,2013,LVA,35.2,69.2610459195564
324,35.5,2014,69.0627552906912,0.0,0.0,1.0,0.0,0.7999999999999999,1.0,0.4196063870441143,0.5078444113364,0.2901968064779429,427,2014,LVA,35.5,69.0627552906912
325,35.4,2015,69.6761705285772,0.0,0.0,1.0,0.0,0.6,1.0,0.33197563877468533,0.5845213160721503,0.3340121806126573,428,2015,LVA,35.4,69.6761705285772
326,34.5,2016,69.7760214693619,0.0,0.125,0.8333333333333334,0.0,0.39999999999999997,1.0,0.31771121866258667,0.5970026836702367,0.34114439066870667,429,2016,LVA,34.5,69.7760214693619
327,34.5,2017,69.7876944200102,0.0,0.125,0.8333333333333334,0.0,0.2,1.0,0.3160436542842575,0.5984618025012747,0.34197817285787124,430,2017,LVA,34.5,69.7876944200102
328,29.0,1995,74.59730860126629,0.3333333333333333,0.5,0.0,1.0,0.0,0.0,0.0,0.7337818997889514,0.6855220429475922,432,1995,NLD,29.0,74.59730860126629
329,29.0,1996,74.6500301626173,0.3333333333333333,0.5,0.0,1.0,0.14285714285714288,0.0,0.0,0.7249949728971169,0.6892878687583784,433,1996,NLD,29.0,74.6500301626173
330,26.0,1997,75.15882019139991,1.0,0.0,0.0,1.0,0.28571428571428575,0.0,0.0,0.6401966347666814,0.7256300136714222,434,1997,NLD,26.0,75.15882019139991
331,25.0,1998,75.17754588201879,1.0,0.0,0.0,1.0,0.4285714285714286,0.0,0.0,0.6370756863302015,0.7269675630013422,435,1998,NLD,25.0,75.17754588201879
332,26.0,1999,75.329760207956,1.0,0.0,0.0,1.0,0.5714285714285715,0.0,0.0,0.6117066320073334,0.737840014854,436,1999,NLD,26.0,75.329760207956
333,29.0,2000,75.5319295838004,0.3333333333333333,0.5,0.0,1.0,0.7142857142857143,0.0,0.0,0.5780117360332658,0.7522806845571718,437,2000,NLD,29.0,75.5319295838004
334,27.0,2001,75.803186407455,0.9999999999971484,2.1387336163411753e-12,0.0,1.0,0.8571428571428572,0.0,0.0,0.5328022654241664,0.7716561719610715,438,2001,NLD,27.0,75.803186407455
335,27.0,2002,75.9889394253252,0.9999999999971484,2.1387336163411753e-12,0.0,0.999999999972412,0.9999999999763531,0.0,0.0,0.5018434291124668,0.7849242446660857,439,2002,NLD,27.0,75.9889394253252
336,26.9,2005,77.1978988904982,1.0,0.0,0.0,0.5,1.0,0.0,0.0,0.3003501849169675,0.8712784921784424,442,2005,NLD,26.9,77.1978988904982
337,26.4,2006,77.6294517229372,1.0,0.0,0.0,0.3333333333333333,1.0,0.0,0.0,0.2284247128437992,0.9021036944955146,443,2006,NLD,26.4,77.6294517229372
338,27.6,2007,78.01472614185501,0.7999999999999996,0.15000000000000036,0.0,0.16666666666666666,1.0,0.0,0.0,0.16421230969083211,0.9296232958467863,444,2007,NLD,27.6,78.01472614185501
339,27.6,2008,78.3157217290338,0.7999999999999996,0.15000000000000036,0.0,5.1234852449804645e-11,1.0,6.148182293976556e-11,0.0,0.1140463784943672,0.9511229806452712,445,2008,NLD,27.6,78.3157217290338
340,27.2,2009,78.5348826389379,0.9333333333333336,0.04999999999999982,0.0,0.0,1.0,0.19999999999999998,0.0,0.07751956017701644,0.9667773313527073,446,2009,NLD,27.2,78.5348826389379
341,25.5,2010,78.7791908263508,1.0,0.0,0.0,0.0,1.0,0.4,0.0,0.036801528941533476,0.9842279161679143,447,2010,NLD,25.5,78.7791908263508
342,25.8,2011,79.19519073879859,1.0,0.0,0.0,0.0,1.0,0.6,0.0,0.0,1.0,448,2011,NLD,25.8,79.19519073879859
343,25.4,2012,79.1481228094435,1.0,0.0,0.0,0.0,1.0,0.8,0.0,0.0,1.0,449,2012,NLD,25.4,79.1481228094435
344,25.1,2013,79.4184727887212,1.0,0.0,0.0,0.0,0.9999999999148713,0.9999999999148713,0.0,0.0,1.0,450,2013,NLD,25.1,79.4184727887212
345,26.2,2014,79.8742151352159,1.0,0.0,0.0,0.0,0.7999999999999999,1.0,0.0,0.0,1.0,451,2014,NLD,26.2,79.8742151352159
346,26.7,2015,79.7403735185112,1.0,0.0,0.0,0.0,0.6,1.0,0.0,0.0,1.0,452,2015,NLD,26.7,79.7403735185112
347,26.9,2016,79.88094520436059,1.0,0.0,0.0,0.0,0.39999999999999997,1.0,0.0,0.0,1.0,453,2016,NLD,26.9,79.88094520436059
348,30.0,2000,69.5270709229532,4.073778315551169e-12,0.75,0.0,1.0,0.7142857142857143,0.0,0.3532755824352571,0.56588386536915,0.32336220878237143,461,2000,POL,30.0,69.5270709229532
349,30.0,2001,70.0559537282577,4.073778315551169e-12,0.75,0.0,1.0,0.8571428571428572,0.0,0.27772089596318494,0.6319942160322132,0.36113955201840753,462,2001,POL,30.0,70.0559537282577
350,35.6,2005,70.8519347258307,0.0,0.0,1.0,0.5,1.0,0.0,0.16400932488132827,0.7314918407288378,0.4179953375593359,466,2005,POL,35.6,70.8519347258307
351,33.3,2006,71.0086631556484,0.0,0.4250000000000007,0.4333333333333324,0.3333333333333333,1.0,0.0,0.14161954919308478,0.7510828944560508,0.42919022540345764,467,2006,POL,33.3,71.0086631556484
352,32.2,2007,71.03678370149,0.0,0.6999999999999993,0.06666666666666761,0.16666666666666666,1.0,0.0,0.13760232835857217,0.7545979626862493,0.43119883582071394,468,2007,POL,32.2,71.03678370149
353,32.0,2008,71.3266411249524,0.0,0.75,4.888533950336195e-12,5.1234852449804645e-11,1.0,6.148182293976556e-11,0.09619412500679964,0.7908301406190503,0.45190293749660015,469,2008,POL,32.0,71.3266411249524
354,31.4,2009,71.6069522690865,0.0,0.9000000000000004,0.0,0.0,1.0,0.19999999999999998,0.056149675844784905,0.8258690336358132,0.47192516207760754,470,2009,POL,31.4,71.6069522690865
355,31.1,2010,72.1564767056903,0.0,0.9749999999999996,0.0,0.0,1.0,0.4,0.0,0.8945595882112869,0.5111769075493068,471,2010,POL,31.1,72.1564767056903
356,31.1,2011,72.5147268657181,0.0,0.9749999999999996,0.0,0.0,1.0,0.6,0.0,0.9393408582147629,0.5367662046941503,472,2011,POL,31.1,72.5147268657181
357,30.9,2012,72.6230125712942,0.0,0.9749999999999996,0.0,0.0,1.0,0.8,0.0,0.9528765714117746,0.5445008979495854,473,2012,POL,30.9,72.6230125712942
358,30.7,2013,72.9815577646925,0.0,0.9249999999999998,0.0,0.0,0.9999999999148713,0.9999999999148713,0.0,0.9976947205865621,0.5701112689066069,474,2013,POL,30.7,72.9815577646925
359,30.8,2014,73.6606233905538,0.0,0.9500000000000002,0.0,0.0,0.7999999999999999,1.0,0.0,0.8898961015743675,0.6186159564681282,475,2014,POL,30.8,73.6606233905538
360,30.6,2015,73.47481235906,0.0,0.9000000000000004,0.0,0.0,0.6,1.0,0.0,0.920864606823334,0.6053437399328568,476,2015,POL,30.6,73.47481235906
361,29.8,2016,73.8359966813224,0.06666666666666643,0.7000000000000002,0.0,0.0,0.39999999999999997,1.0,0.0,0.8606672197796001,0.6311426200944571,477,2016,POL,29.8,73.8359966813224
362,37.0,1995,71.8613484707008,0.0,0.0,1.0,1.0,0.0,0.0,0.019807361328456556,0.8576685588376005,0.4900963193357717,480,1995,PRT,37.0,71.8613484707008
363,36.0,1996,71.73016211405421,0.0,0.0,1.0,1.0,0.14285714285714288,0.0,0.0385482694208272,0.8412702642567762,0.4807258652895864,481,1996,PRT,36.0,71.73016211405421
364,36.0,1997,72.2948266479524,0.0,0.0,1.0,1.0,0.28571428571428575,0.0,0.0,0.9118533309940506,0.5210590462823146,482,1997,PRT,36.0,72.2948266479524
365,37.0,1998,72.4689627088756,0.0,0.0,1.0,1.0,0.4285714285714286,0.0,0.0,0.9336203386094493,0.5334973363482567,483,1998,PRT,37.0,72.4689627088756
366,36.0,1999,72.72800841644309,0.0,0.0,1.0,1.0,0.5714285714285715,0.0,0.0,0.9660010520553861,0.5520006011745063,484,1999,PRT,36.0,72.72800841644309
367,36.0,2000,73.2605169157638,0.0,0.0,1.0,1.0,0.7142857142857143,0.0,0.0,0.9565805140393664,0.5900369225545572,485,2000,PRT,36.0,73.2605169157638
368,37.0,2001,73.5836927118483,0.0,0.0,1.0,1.0,0.8571428571428572,0.0,0.0,0.9027178813586166,0.6131209079891643,486,2001,PRT,37.0,73.5836927118483
369,37.8,2004,74.9291095263445,0.0,0.0,1.0,0.6666666666666666,1.0,0.0,0.0,0.6784817456092492,0.7092221090246075,489,2004,PRT,37.8,74.9291095263445
370,38.1,2005,74.8724713225349,0.0,0.0,1.0,0.5,1.0,0.0,0.0,0.6879214462441823,0.7051765230382077,490,2005,PRT,38.1,74.8724713225349
371,37.7,2006,75.4667893908963,0.0,0.0,1.0,0.3333333333333333,1.0,0.0,0.0,0.5888684348506175,0.7476278136354496,491,2006,PRT,37.7,75.4667893908963
372,36.8,2007,75.87479935492941,0.0,0.0,1.0,0.16666666666666666,1.0,0.0,0.0,0.520866774178432,0.7767713824949577,492,2007,PRT,36.8,75.87479935492941
373,35.8,2008,76.20823430670629,0.0,0.0,1.0,5.1234852449804645e-11,1.0,6.148182293976556e-11,0.0,0.46529428221561864,0.8005881647647348,493,2008,PRT,35.8,76.20823430670629
374,35.4,2009,76.47643550313829,0.0,0.0,1.0,0.0,1.0,0.19999999999999998,0.0,0.42059408281028493,0.8197453930813065,494,2009,PRT,35.4,76.47643550313829
375,33.7,2010,76.7373146407205,0.0,0.3249999999999993,0.5666666666666677,0.0,1.0,0.4,0.0,0.3771142265465836,0.8383796171943213,495,2010,PRT,33.7,76.7373146407205
376,34.2,2011,77.1819301766987,0.0,0.1999999999999993,0.7333333333333343,0.0,1.0,0.6,0.0,0.3030116372168834,0.8701378697641928,496,2011,PRT,34.2,77.1819301766987
377,34.5,2012,77.2571917649999,0.0,0.125,0.8333333333333334,0.0,1.0,0.8,0.0,0.29046803916668296,0.875513697499993,497,2012,PRT,34.5,77.2571917649999
378,34.2,2013,77.5152564844562,0.0,0.1999999999999993,0.7333333333333343,0.0,0.9999999999148713,0.9999999999148713,0.0,0.24745725259063298,0.8939468917468716,498,2013,PRT,34.2,77.5152564844562
379,34.5,2014,77.9295462034051,0.0,0.125,0.8333333333333334,0.0,0.7999999999999999,1.0,0.0,0.17840896609915072,0.9235390145289354,499,2014,PRT,34.5,77.9295462034051
380,34.0,2015,78.0338267178424,0.0,0.25,0.6666666666666666,0.0,0.6,1.0,0.0,0.1610288803595997,0.9309876227030287,500,2015,PRT,34.0,78.0338267178424
381,26.2,2005,70.1940500783015,1.0,0.0,0.0,0.5,1.0,0.0,0.2579928459569284,0.6492562597876876,0.3710035770215358,514,2005,SVK,26.2,70.1940500783015
382,28.1,2006,70.4210386047485,0.6333333333333329,0.27500000000000036,0.0,0.3333333333333333,1.0,0.0,0.2255659136073567,0.6776298255935629,0.38721704319632166,515,2006,SVK,28.1,70.4210386047485
383,24.5,2007,70.59629081856029,1.0,0.0,0.0,0.16666666666666666,1.0,0.0,0.20052988306281552,0.6995363523200364,0.39973505846859225,516,2007,SVK,24.5,70.59629081856029
384,23.7,2008,70.8358209130728,1.0,0.0,0.0,5.1234852449804645e-11,1.0,6.148182293976556e-11,0.16631129813245796,0.7294776141340993,0.41684435093377104,517,2008,SVK,23.7,70.8358209130728
385,24.8,2009,71.3893628838806,1.0,0.0,0.0,0.0,1.0,0.19999999999999998,0.08723387373134374,0.7986703604850742,0.45638306313432814,518,2009,SVK,24.8,71.3893628838806
386,25.9,2010,71.73059146821191,1.0,0.0,0.0,0.0,1.0,0.4,0.03848693311258395,0.841323933526489,0.480756533443708,519,2010,SVK,25.9,71.73059146821191
387,25.7,2011,72.26141028647871,1.0,0.0,0.0,0.0,1.0,0.6,0.0,0.9076762858098384,0.5186721633199076,520,2011,SVK,25.7,72.26141028647871
388,25.3,2012,72.4807966825456,1.0,0.0,0.0,0.0,1.0,0.8,0.0,0.9350995853182003,0.5343426201818287,521,2012,SVK,25.3,72.4807966825456
389,24.2,2013,72.908575849774,1.0,0.0,0.0,0.0,0.9999999999148713,0.9999999999148713,0.0,0.9885719812217495,0.5648982749838569,522,2013,SVK,24.2,72.908575849774
390,26.1,2014,73.2495321649336,1.0,0.0,0.0,0.0,0.7999999999999999,1.0,0.0,0.9584113058444004,0.589252297495257,523,2014,SVK,26.1,73.2495321649336
391,23.7,2015,73.08324616352542,1.0,0.0,0.0,0.0,0.6,1.0,0.0,0.9861256394124306,0.5773747259661012,524,2015,SVK,23.7,73.08324616352542
392,24.3,2016,73.7511747872493,1.0,0.0,0.0,0.0,0.39999999999999997,1.0,0.0,0.8748042021251171,0.6250839133749498,525,2016,SVK,24.3,73.7511747872493
393,23.2,2017,73.7513879310511,1.0,0.0,0.0,0.0,0.2,1.0,0.0,0.8747686781581503,0.6250991379322213,526,2017,SVK,23.2,73.7513879310511
394,22.0,2000,72.1676286039063,1.0,0.0,0.0,1.0,0.7142857142857143,0.0,0.0,0.8959535754882868,0.5119734717075924,533,2000,SVN,22.0,72.1676286039063
395,22.0,2001,72.254014508323,1.0,0.0,0.0,1.0,0.8571428571428572,0.0,0.0,0.9067518135403745,0.5181438934516426,534,2001,SVN,22.0,72.254014508323
396,22.0,2002,72.57010129623491,1.0,0.0,0.0,0.999999999972412,0.9999999999763531,0.0,0.0,0.9462626620293637,0.5407215211596365,535,2002,SVN,22.0,72.57010129623491
397,23.8,2005,73.9534035648112,1.0,0.0,0.0,0.5,1.0,0.0,0.0,0.8410994058648005,0.6395288260579426,538,2005,SVN,23.8,73.9534035648112
398,23.7,2006,74.39707758269431,1.0,0.0,0.0,0.3333333333333333,1.0,0.0,0.0,0.7671537362176153,0.6712198273353078,539,2006,SVN,23.7,74.39707758269431
399,23.2,2007,74.60244333667791,1.0,0.0,0.0,0.16666666666666666,1.0,0.0,0.0,0.7329261105536821,0.6858888097627077,540,2007,SVN,23.2,74.60244333667791
400,23.4,2008,75.4155287312372,1.0,0.0,0.0,5.1234852449804645e-11,1.0,6.148182293976556e-11,0.0,0.5974118781271329,0.7439663379455145,541,2008,SVN,23.4,75.4155287312372
401,22.7,2009,75.7528210535392,1.0,0.0,0.0,0.0,1.0,0.19999999999999998,0.0,0.5411964910768011,0.7680586466813709,542,2009,SVN,22.7,75.7528210535392
402,23.8,2010,76.2801800857964,1.0,0.0,0.0,0.0,1.0,0.4,0.0,0.4533033190339329,0.8057271489854574,543,2010,SVN,23.8,76.2801800857964
403,23.8,2011,76.6163713982305,1.0,0.0,0.0,0.0,1.0,0.6,0.0,0.39727143362825024,0.8297408141593213,544,2011,SVN,23.8,76.6163713982305
404,23.7,2012,76.95824264919929,1.0,0.0,0.0,0.0,1.0,0.8,0.0,0.340292891800118,0.8541601892285209,545,2012,SVN,23.7,76.95824264919929
405,24.4,2013,76.9866044586543,1.0,0.0,0.0,0.0,0.9999999999148713,0.9999999999148713,0.0,0.33556592355761694,0.8561860327610213,546,2013,SVN,24.4,76.9866044586543
406,25.0,2014,77.9645482318018,1.0,0.0,0.0,0.0,0.7999999999999999,1.0,0.0,0.17257529469970004,0.9260391594144142,547,2014,SVN,25.0,77.9645482318018
407,24.5,2015,77.5895011290791,1.0,0.0,0.0,0.0,0.6,1.0,0.0,0.23508314515348397,0.8992500806485069,548,2015,SVN,24.5,77.5895011290791
408,24.4,2016,77.96026205923921,1.0,0.0,0.0,0.0,0.39999999999999997,1.0,0.0,0.17328965679346453,0.9257330042313724,549,2016,SVN,24.4,77.96026205923921
409,23.7,2017,78.07255100958209,1.0,0.0,0.0,0.0,0.2,1.0,0.0,0.15457483173631914,0.9337536435415775,550,2017,SVN,23.7,78.07255100958209
410,21.0,1997,76.7010864757203,1.0,0.0,0.0,1.0,0.28571428571428575,0.0,0.0,0.3831522540466163,0.8357918911228788,554,1997,SWE,21.0,76.7010864757203
411,22.0,1999,77.0687725334562,1.0,0.0,0.0,1.0,0.5714285714285715,0.0,0.0,0.3218712444239671,0.862055180961157,556,1999,SWE,22.0,77.0687725334562
412,24.0,2001,77.5398054026255,1.0,0.0,0.0,1.0,0.8571428571428572,0.0,0.0,0.24336576622908268,0.8957003859018218,558,2001,SWE,24.0,77.5398054026255
413,23.0,2002,77.7120332609792,1.0,0.0,0.0,0.999999999972412,0.9999999999763531,0.0,0.0,0.21466112317013378,0.9080023757842284,559,2002,SWE,23.0,77.7120332609792
414,23.0,2004,78.3514682772502,1.0,0.0,0.0,0.6666666666666666,1.0,0.0,0.0,0.10808862045829908,0.9536763055178719,561,2004,SWE,23.0,78.3514682772502
415,23.4,2005,78.4262142805342,1.0,0.0,0.0,0.5,1.0,0.0,0.0,0.09563095324430057,0.9590153057524425,562,2005,SWE,23.4,78.4262142805342
416,24.0,2006,78.6940076311043,1.0,0.0,0.0,0.3333333333333333,1.0,0.0,0.0,0.05099872814928356,0.9781434022217356,563,2006,SWE,24.0,78.6940076311043
417,23.4,2007,78.9257253089027,1.0,0.0,0.0,0.16666666666666666,1.0,0.0,0.0,0.012379115182883519,0.9946946649216214,564,2007,SWE,23.4,78.9257253089027
418,25.1,2008,79.0945271474287,1.0,0.0,0.0,5.1234852449804645e-11,1.0,6.148182293976556e-11,0.0,0.0,1.0,565,2008,SWE,25.1,79.0945271474287
419,26.3,2009,79.3356520455915,1.0,0.0,0.0,0.0,1.0,0.19999999999999998,0.0,0.0,1.0,566,2009,SWE,26.3,79.3356520455915
420,25.5,2010,79.5176105990566,1.0,0.0,0.0,0.0,1.0,0.4,0.0,0.0,1.0,567,2010,SWE,25.5,79.5176105990566
421,26.0,2011,79.7980838982423,1.0,0.0,0.0,0.0,1.0,0.6,0.0,0.0,1.0,568,2011,SWE,26.0,79.7980838982423
422,26.0,2012,79.867652559835,1.0,0.0,0.0,0.0,1.0,0.8,0.0,0.0,1.0,569,2012,SWE,26.0,79.867652559835
423,26.0,2013,80.10269930974191,1.0,0.0,0.0,0.0,0.9999999999148713,0.9999999999148713,0.0,0.0,1.0,570,2013,SWE,26.0,80.10269930974191
424,26.9,2014,80.35173991482141,1.0,0.0,0.0,0.0,0.7999999999999999,1.0,0.0,0.0,1.0,571,2014,SWE,26.9,80.35173991482141
425,26.7,2015,80.3173090020102,1.0,0.0,0.0,0.0,0.6,1.0,0.0,0.0,1.0,572,2015,SWE,26.7,80.3173090020102
426,27.6,2016,80.5631660181051,0.7999999999999996,0.15000000000000036,0.0,0.0,0.39999999999999997,1.0,0.0,0.0,1.0,573,2016,SWE,27.6,80.5631660181051
427,28.0,2017,80.72677186896921,0.6666666666666667,0.25,0.0,0.0,0.2,1.0,0.0,0.0,1.0,574,2017,SWE,28.0,80.72677186896921
428,27.0,2018,80.79461819488479,0.9999999999971484,2.1387336163411753e-12,0.0,0.0,1.0877550717142306e-10,0.9999994561221683,0.0,0.0,1.0,575,2018,SWE,27.0,80.79461819488479
